grid,date,tag_left,tag_right,poop_id,poop_time,comments,id,obs,locx,locy,weight,trapping_id,squirrel_id
KL,2009-06-19,F4406,F4407,A0863,1050,released without handling,807,SBS,9.0,2.5,0,90436,11177
KL,2009-06-19,F4406,F4407,A0863,1050,released without handling,807,SBS,9.0,2.5,0,90437,11177
KL,2009-07-08,F0308,F0309,A1037,1118,Released,953,MNK,9.0,2.5,0,91140,10342
KL,2009-07-08,F0308,F0309,A1037,1118,Released,953,MNK,9.0,2.5,0,91141,10342
KL,2009-06-19,F4406,F4407,A1064,900,released without handling,980,SBS,9.0,2.5,0,90436,11177
KL,2009-06-19,F4406,F4407,A1064,900,released without handling,980,SBS,9.0,2.5,0,90437,11177
KL,2009-06-19,D8219,D8220,A1209,745,NA,1115,SBS,4.0,3.5,0,90425,10183
KL,2009-06-19,D8219,D8220,A1209,745,NA,1115,SBS,4.0,3.5,0,90426,10183
KL,2009-06-19,D8219,D8220,A1209,745,NA,1115,SBS,4.0,3.5,0,90427,10183
JO,2009-06-30,D8745,D8746,A1212,907,NA,1118,EAR,4.0,1.5,270,90782,10203
JO,2009-06-30,D8745,D8746,A1212,907,NA,1118,EAR,4.0,1.5,270,90783,10203
SU,2011-05-26,F7255,F7256,B1702,938,NA,1390,LBD,14.5,6.0,225,103813,12026
SU,2011-05-26,F7255,F7256,B1702,938,NA,1390,LBD,14.5,6.0,225,103814,12026
SU,2011-04-11,F2144,F7179,B1705,1238,Big pink growth near a nipple,1392,LBD,5.0,1.0,235,102181,10654
SU,2011-04-11,F2144,F7179,B1705,1238,Big pink growth near a nipple,1392,LBD,5.0,1.0,235,102182,10654
SU,2011-03-18,F7132,F5482,B1712,1117,"untag left hear (bad),lost tag",1397,LBD,2.5,1.0,245,101225,11976
SU,2011-03-18,F7132,F5482,B1712,1117,"untag left hear (bad),lost tag",1397,LBD,2.5,1.0,245,101226,11976
SU,2011-03-18,F7132,F5482,B1712,1117,"untag left hear (bad),lost tag",1397,LBD,2.5,1.0,245,101227,11976
SU,2011-03-18,F7132,F5482,B1712,1117,"untag left hear (bad),lost tag",1397,LBD,2.5,1.0,245,101228,11976
SU,2011-03-18,F7132,F5482,B1712,1117,"untag left hear (bad),lost tag",1397,LBD,2.5,1.0,245,101229,11976
SU,2011-03-18,F7132,F5482,B1712,1117,"untag left hear (bad),lost tag",1397,LBD,2.5,1.0,245,101230,11976
SU,2011-06-07,F8486,F8487,B1718,926,NA,1400,LBD,18.0,11.0,227,104279,12477
SU,2011-06-07,F8486,F8487,B1718,926,NA,1400,LBD,18.0,11.0,227,104280,12477
SU,2011-05-26,F3409,F3410,B1719,1124,Wean,1401,LBD,2.0,17.0,240,103809,10918
SU,2011-05-26,F3409,F3410,B1719,1124,Wean,1401,LBD,2.0,17.0,240,103810,10918
SU,2011-03-20,F3842,F3843,B1723,1138,NA,1405,LBD,14.0,7.5,280,101284,11084
SU,2011-03-20,F3842,F3843,B1723,1138,NA,1405,LBD,14.0,7.5,280,101285,11084
SU,2011-03-20,F5312,F5313,B1733,1426,NA,1410,FES,20.0,1.0,265,101286,11313
SU,2011-03-20,F5312,F5313,B1733,1426,NA,1410,FES,20.0,1.0,265,101287,11313
SU,2011-03-03,F7055,F7056,B1735,1144,NA,1412,MNK,7.0,3.0,230,100818,11945
SU,2011-03-03,F7055,F7056,B1735,1144,NA,1412,MNK,7.0,3.0,230,100819,11945
SU,2011-05-22,F7255,F7256,B1738,1014,Released,1413,LBD,14.0,7.5,0,103672,12026
SU,2011-05-22,F7255,F7256,B1738,1014,Released,1413,LBD,14.0,7.5,0,103673,12026
SU,2011-03-20,J2750,F2132,B1739,1341,NA,1414,FES,8.5,5.0,240,101308,13691
SU,2011-03-20,J2750,F2132,B1739,1341,NA,1414,FES,8.5,5.0,240,101309,13691
SU,2011-02-23,F3842,F3843,B3041,1433,20 s HT; same colours as last year,1422,FES,14.0,7.5,240,100731,11084
SU,2011-02-23,F3842,F3843,B3041,1433,20 s HT; same colours as last year,1422,FES,14.0,7.5,240,100732,11084
SU,2011-06-17,F2144,F7179,B3460,936,NA,1427,LBD,5.5,1.5,210,104629,10654
SU,2011-06-17,F2144,F7179,B3460,936,NA,1427,LBD,5.5,1.5,210,104630,10654
SU,2011-06-07,F7057,F7058,B3463,859,NA,1430,LBD,20.0,6.0,230,104269,11946
SU,2011-06-07,F7057,F7058,B3463,859,NA,1430,LBD,20.0,6.0,230,104270,11946
SU,2011-04-17,F6144,F6145,B3465,1155,NA,1432,LBD,2.5,8.5,245,102356,11577
SU,2011-04-17,F6144,F6145,B3465,1155,NA,1432,LBD,2.5,8.5,245,102357,11577
SU,2011-04-14,F7071,F7072,B3469,1613,"Released unhandled, caught earlier",1435,LBD,12.0,3.0,0,102300,11953
SU,2011-04-14,F7071,F7072,B3469,1613,"Released unhandled, caught earlier",1435,LBD,12.0,3.0,0,102301,11953
SU,2011-04-14,F7071,F7072,B3469,1613,"Released unhandled, caught earlier",1435,LBD,12.0,3.0,0,102302,11953
SU,2011-04-14,F7071,F7072,B3469,1613,"Released unhandled, caught earlier",1435,LBD,12.0,3.0,0,102303,11953
SU,2011-04-04,J2748,J2749,B3470,1034,NA,1436,KEV,7.5,1.0,239,101973,13690
SU,2011-04-04,J2748,J2749,B3470,1034,NA,1436,KEV,7.5,1.0,239,101974,13690
SU,2011-06-08,H1086,H1087,B3471,1100,NA,1437,LBD,-3.0,6.0,215,104335,13092
SU,2011-06-08,H1086,H1087,B3471,1100,NA,1437,LBD,-3.0,6.0,215,104336,13092
SU,2011-06-07,F8649,F8650,B3472,1001,NA,1438,LBD,7.5,16.0,236,104283,12550
SU,2011-06-07,F8649,F8650,B3472,1001,NA,1438,LBD,7.5,16.0,236,104284,12550
SU,2011-05-03,F7071,F7072,B3494,1040,NA,1448,LBD,15.0,2.0,221,103075,11953
SU,2011-05-03,F7071,F7072,B3494,1040,NA,1448,LBD,15.0,2.0,221,103076,11953
SU,2011-05-03,F7071,F7072,B3494,1040,NA,1448,LBD,15.0,2.0,221,103077,11953
SU,2011-05-03,F7071,F7072,B3494,1040,NA,1448,LBD,15.0,2.0,221,103078,11953
SU,2011-04-11,F7188,F5020,B3507,1130,NA,1452,LBD,5.0,1.0,235,102191,12003
SU,2011-04-11,F7188,F5020,B3507,1130,NA,1452,LBD,5.0,1.0,235,102192,12003
SU,2011-06-04,F8486,F8487,B3518,1040,NA,1459,LBD,18.0,11.0,225,104209,12477
SU,2011-06-04,F8486,F8487,B3518,1040,NA,1459,LBD,18.0,11.0,225,104210,12477
SU,2011-06-08,H1079,H1080,B3530,923,Forget to weight?,1464,LBD,-3.0,6.0,NA,104333,13089
SU,2011-06-08,H1079,H1080,B3530,923,Forget to weight?,1464,LBD,-3.0,6.0,NA,104334,13089
SU,2011-06-08,F3409,F3410,B3542,1018,P¿,1469,LBD,2.5,18.0,240,104323,10918
SU,2011-06-08,F3409,F3410,B3542,1018,P¿,1469,LBD,2.5,18.0,240,104324,10918
SU,2011-03-21,F7268,F7193,B3546,1250,NA,1472,LBD,3.0,18.0,220,101364,12032
SU,2011-03-21,F7268,F7193,B3546,1250,NA,1472,LBD,3.0,18.0,220,101365,12032
SU,2011-06-08,H1191,H1192,B3552,1118,NA,1475,LBD,-3.0,6.0,140,104341,13133
SU,2011-06-08,H1191,H1192,B3552,1118,NA,1475,LBD,-3.0,6.0,140,104342,13133
SU,2011-07-30,F2144,F7179,B3565,1016,NA,1480,LBD,5.5,1.5,225,105775,10654
SU,2011-07-30,F2144,F7179,B3565,1016,NA,1480,LBD,5.5,1.5,225,105776,10654
SU,2011-03-27,F7132,F5482,B3567,1236,couldn't find the nipples,1482,LBD,2.5,1.0,270,101570,11976
SU,2011-03-27,F7132,F5482,B3567,1236,couldn't find the nipples,1482,LBD,2.5,1.0,270,101571,11976
SU,2011-06-20,F7071,F7072,B3571,948,NA,1486,LBD,15.0,2.5,230,104669,11953
SU,2011-06-20,F7071,F7072,B3571,948,NA,1486,LBD,15.0,2.5,230,104670,11953
SU,2011-04-12,F3842,F3843,B3577,1106,NA,1490,LBD,17.0,7.0,242,102235,11084
SU,2011-04-12,F3842,F3843,B3577,1106,NA,1490,LBD,17.0,7.0,242,102236,11084
SU,2011-04-12,F3842,F3843,B3577,1106,NA,1490,LBD,17.0,7.0,242,102237,11084
SU,2011-04-12,F3842,F3843,B3577,1106,NA,1490,LBD,17.0,7.0,242,102238,11084
SU,2011-06-05,D8428,D6795,B3581,1145,NA,1492,LBD,10.0,6.0,250,104231,10191
SU,2011-06-05,D8428,D6795,B3581,1145,NA,1492,LBD,10.0,6.0,250,104232,10191
SU,2011-04-14,F7071,F7072,B3593,1457,NA,1499,LBD,12.0,3.0,225,102300,11953
SU,2011-04-14,F7071,F7072,B3593,1457,NA,1499,LBD,12.0,3.0,225,102301,11953
SU,2011-04-14,F7071,F7072,B3593,1457,NA,1499,LBD,12.0,3.0,225,102302,11953
SU,2011-04-14,F7071,F7072,B3593,1457,NA,1499,LBD,12.0,3.0,225,102303,11953
SU,2011-03-20,F2147,F2148,B3594,1401,NA,1500,LBD,20.0,6.0,235,101282,10655
SU,2011-03-20,F2147,F2148,B3594,1401,NA,1500,LBD,20.0,6.0,235,101283,10655
SU,2011-04-17,D8428,D6795,B3597,1250,NA,1501,LBD,10.0,6.0,255,102354,10191
SU,2011-04-17,D8428,D6795,B3597,1250,NA,1501,LBD,10.0,6.0,255,102355,10191
SU,2011-04-17,F8589,F8590,B3598,1047,NA,1502,LBD,8.5,9.0,241,102366,12524
SU,2011-04-17,F8589,F8590,B3598,1047,NA,1502,LBD,8.5,9.0,241,102367,12524
SU,2011-04-21,F3842,F3843,B3601,1132,NA,1504,LBD,14.0,8.0,240,102627,11084
SU,2011-04-21,F3842,F3843,B3601,1132,NA,1504,LBD,14.0,8.0,240,102628,11084
SU,2011-05-26,F8488,F8489,B3617,923,NA,1505,LBD,21.0,5.5,210,103815,12478
SU,2011-05-26,F8488,F8489,B3617,923,NA,1505,LBD,21.0,5.5,210,103816,12478
SU,2011-04-21,D8428,D6795,B3629,1021,NA,1511,LBD,10.0,6.0,261,102623,10191
SU,2011-04-21,D8428,D6795,B3629,1021,NA,1511,LBD,10.0,6.0,261,102624,10191
SU,2011-05-22,F7132,F5482,B3656,1039,NA,1515,LBD,2.0,1.5,250,103670,11976
SU,2011-05-22,F7132,F5482,B3656,1039,NA,1515,LBD,2.0,1.5,250,103671,11976
SU,2011-03-17,F7051,F7052,B3657,NA,NA,1516,LBD,21.0,1.0,215,101190,11943
SU,2011-03-17,F7051,F7052,B3657,NA,NA,1516,LBD,21.0,1.0,215,101191,11943
SU,2011-03-24,F8488,F8489,B3660,1236,NA,1517,LBD,21.5,5.0,260,101480,12478
SU,2011-03-24,F8488,F8489,B3660,1236,NA,1517,LBD,21.5,5.0,260,101481,12478
SU,2011-03-27,F7071,F7072,B3703,1412,need new colours,1525,LBD,7.5,1.0,215,101568,11953
SU,2011-03-27,F7071,F7072,B3703,1412,need new colours,1525,LBD,7.5,1.0,215,101569,11953
SU,2011-03-14,F7139,F7140,B3815,1457,NA,1562,FES,11.5,8.0,237,101072,11979
SU,2011-03-14,F7139,F7140,B3815,1457,NA,1562,FES,11.5,8.0,237,101073,11979
SU,2011-06-08,H1193,H1194,B3818,951,NA,1564,LBD,-3.0,15.5,140,104343,13134
SU,2011-06-08,H1193,H1194,B3818,951,NA,1564,LBD,-3.0,15.5,140,104344,13134
SU,2011-03-25,F8593,F8594,B3827,1413,Need to check if lac,1569,LBD,7.0,9.5,240,101524,12526
SU,2011-03-25,F8593,F8594,B3827,1413,Need to check if lac,1569,LBD,7.0,9.5,240,101525,12526
SU,2011-04-19,F7132,F5482,B3834,944,NA,1573,LBD,3.0,3.0,237,102473,11976
SU,2011-04-19,F7132,F5482,B3834,944,NA,1573,LBD,3.0,3.0,237,102474,11976
SU,2011-04-19,F7132,F5482,B3834,944,NA,1573,LBD,3.0,3.0,237,102475,11976
SU,2011-04-19,F7132,F5482,B3834,944,NA,1573,LBD,3.0,3.0,237,102476,11976
SU,2011-03-28,F8488,F8489,B3843,1046,NA,1577,LBD,21.5,5.0,270,101644,12478
SU,2011-03-28,F8488,F8489,B3843,1046,NA,1577,LBD,21.5,5.0,270,101645,12478
SU,2011-06-08,F3497,F3498,B3844,902,NA,1578,LBD,-3.5,3.0,225,104325,10946
SU,2011-06-08,F3497,F3498,B3844,902,NA,1578,LBD,-3.5,3.0,225,104326,10946
SU,2011-03-13,F3842,F3843,B3856,1334,NA,1587,FES,14.0,7.5,260,101042,11084
SU,2011-03-13,F3842,F3843,B3856,1334,NA,1587,FES,14.0,7.5,260,101043,11084
SU,2011-05-16,F5631,F5632,B3858,1027,K.15 middea,1590,LBD,11.5,15.0,245,103455,11435
SU,2011-05-16,F5631,F5632,B3858,1027,K.15 middea,1590,LBD,11.5,15.0,245,103456,11435
SU,2011-06-20,F7177,F5610,B3868,1058,NA,1594,LBD,1.0,19.0,215,104671,11997
SU,2011-06-20,F7177,F5610,B3868,1058,NA,1594,LBD,1.0,19.0,215,104672,11997
SU,2011-03-16,J2465,J2444,B3882,1439,NA,1603,FES,12.0,3.0,272,101156,13667
SU,2011-03-16,J2465,J2444,B3882,1439,NA,1603,FES,12.0,3.0,272,101157,13667
SU,2011-05-17,F8593,F8594,B3901,1126,NA,1610,LBD,7.0,9.5,230,103504,12526
SU,2011-05-17,F8593,F8594,B3901,1126,NA,1610,LBD,7.0,9.5,230,103505,12526
SU,2011-08-03,F7266,F7267,B3913,1100,3,1624,NH,15.0,4.0,244,106404,12031
SU,2011-08-03,F7266,F7267,B3913,1100,3,1624,NH,15.0,4.0,244,106405,12031
SU,2011-03-13,F6503,F6559,B3918,1502,hard rod in abdomen,1629,FES,16.0,3.0,210,101044,11722
SU,2011-03-13,F6503,F6559,B3918,1502,hard rod in abdomen,1629,FES,16.0,3.0,210,101045,11722
SU,2011-02-24,F8589,F8590,B3919,1400,0 s HT; couldn’t find nipples,1630,FES,8.5,9.0,240,100771,12524
SU,2011-02-24,F8589,F8590,B3919,1400,0 s HT; couldn’t find nipples,1630,FES,8.5,9.0,240,100772,12524
SU,2011-05-17,F8486,F8487,B3919,1052,NA,1631,LBD,18.0,11.0,231,103498,12477
SU,2011-05-17,F8486,F8487,B3919,1052,NA,1631,LBD,18.0,11.0,231,103499,12477
SU,2011-03-08,J2465,J2444,B3920,1107,VERY big P2,1632,FES,12.0,3.0,260,100934,13667
SU,2011-03-08,J2465,J2444,B3920,1107,VERY big P2,1632,FES,12.0,3.0,260,100935,13667
SU,2011-03-08,J2465,J2444,B3920,1107,VERY big P2,1632,FES,12.0,3.0,260,100936,13667
SU,2011-03-08,J2465,J2444,B3920,1107,VERY big P2,1632,FES,12.0,3.0,260,100937,13667
SU,2011-03-14,F2142,F2143,B3924,1604,NA,1635,FES,5.5,1.5,245,101070,10653
SU,2011-03-14,F2142,F2143,B3924,1604,NA,1635,FES,5.5,1.5,245,101071,10653
SU,2011-05-17,F7053,F7054,B3939,1033,NA,1647,LBD,17.5,4.5,235,103496,11944
SU,2011-05-17,F7053,F7054,B3939,1033,NA,1647,LBD,17.5,4.5,235,103497,11944
SU,2011-02-24,F7057,F7058,B3944,1439,0 s HT,1650,FES,21.5,2.5,210,100763,11946
SU,2011-02-24,F7057,F7058,B3944,1439,0 s HT,1650,FES,21.5,2.5,210,100764,11946
SU,2011-03-02,F8378,F8379,B3954,1330,NA,1655,MNK,15.0,11.0,230,100798,12432
SU,2011-03-02,F8378,F8379,B3954,1330,NA,1655,MNK,15.0,11.0,230,100799,12432
SU,2011-08-09,F7251,F7252,B3966,1535,NA,1661,LBD,1.5,15.5,235,106795,12024
SU,2011-08-09,F7251,F7252,B3966,1535,NA,1661,LBD,1.5,15.5,235,106796,12024
SU,2011-04-11,F7257,F7258,B3977,1152,NA,1666,LBD,3.5,1.0,245,102193,12027
SU,2011-04-11,F7257,F7258,B3977,1152,NA,1666,LBD,3.5,1.0,245,102194,12027
SU,2011-03-09,F5044,F5081,B3979,1135,NA,1668,FES,7.5,1.0,235,100969,11218
SU,2011-03-09,F5044,F5081,B3979,1135,NA,1668,FES,7.5,1.0,235,100970,11218
SU,2011-02-23,F5312,F5313,B3980,1147,13sHT,1670,EKS,21.0,2.0,231,100733,11313
SU,2011-02-23,F5312,F5313,B3980,1147,13sHT,1670,EKS,21.0,2.0,231,100734,11313
SU,2011-06-20,H1099,H1100,B3997,1112,lost weight scale,1682,LBD,-3.0,15.5,NA,104683,11448
SU,2011-06-20,H1099,H1100,B3997,1112,lost weight scale,1682,LBD,-3.0,15.5,NA,104684,11448
SU,2011-05-16,F8649,F8650,B4010,1043,NA,1691,LBD,9.0,14.5,230,103459,12550
SU,2011-05-16,F8649,F8650,B4010,1043,NA,1691,LBD,9.0,14.5,230,103460,12550
SU,2011-05-26,H1097,H1098,B4025,953,Released,1699,LBD,8.5,7.5,0,103823,13097
SU,2011-05-26,H1097,H1098,B4025,953,Released,1699,LBD,8.5,7.5,0,103824,13097
SU,2011-03-30,F8593,F8594,B4044,1211,NA,1706,LBD,7.0,9.0,255,101773,12526
SU,2011-03-30,F8593,F8594,B4044,1211,NA,1706,LBD,7.0,9.0,255,101774,12526
SU,2011-08-08,H1178,H1179,B4055,1125,NA,1712,LBD,10.0,1.0,187,106676,13126
SU,2011-08-08,H1178,H1179,B4055,1125,NA,1712,LBD,10.0,1.0,187,106677,13126
SU,2011-02-23,F6503,F6559,B4073,1110,22sHT,1729,EKS,16.0,3.0,217,100737,11722
SU,2011-02-23,F6503,F6559,B4073,1110,22sHT,1729,EKS,16.0,3.0,217,100738,11722
SU,2011-05-20,F8384,F8385,B4078,1037,NA,1733,LBD,15.0,12.0,217,103642,12435
SU,2011-05-20,F8384,F8385,B4078,1037,NA,1733,LBD,15.0,12.0,217,103643,12435
SU,2011-02-24,F8492,F8493,B4081,1449,9 s HT; colours need changing!,1735,FES,20.5,4.0,257,100769,12480
SU,2011-02-24,F8492,F8493,B4081,1449,9 s HT; colours need changing!,1735,FES,20.5,4.0,257,100770,12480
SU,2011-03-20,F8488,F8489,B4089,1252,NA,1741,LBD,21.5,5.0,250,101300,12478
SU,2011-03-20,F8488,F8489,B4089,1252,NA,1741,LBD,21.5,5.0,250,101301,12478
SU,2011-03-20,F8488,F8489,B4089,1252,NA,1741,LBD,21.5,5.0,250,101302,12478
SU,2011-03-20,F8488,F8489,B4089,1252,NA,1741,LBD,21.5,5.0,250,101303,12478
SU,2011-05-16,F8378,F8379,B4091,1008,NA,1743,LBD,15.0,11.0,225,103457,12432
SU,2011-05-16,F8378,F8379,B4091,1008,NA,1743,LBD,15.0,11.0,225,103458,12432
SU,2011-03-16,D8428,D6795,B4149,1312,NA,1753,LBD,8.5,7.5,260,101143,10191
SU,2011-03-16,D8428,D6795,B4149,1312,NA,1753,LBD,8.5,7.5,260,101144,10191
SU,2011-02-23,F6003,F6004,B4252,1347,5sHT,1759,EKS,20.0,3.0,262,100735,11531
SU,2011-02-23,F6003,F6004,B4252,1347,5sHT,1759,EKS,20.0,3.0,262,100736,11531
SU,2011-05-17,F8589,F8590,B4521,1137,NA,1770,LBD,8.5,9.5,225,103502,12524
SU,2011-05-17,F8589,F8590,B4521,1137,NA,1770,LBD,8.5,9.5,225,103503,12524
SU,2011-03-13,J2465,J2444,B4532,1448,NA,1773,FES,12.0,3.0,265,101048,13667
SU,2011-03-13,J2465,J2444,B4532,1448,NA,1773,FES,12.0,3.0,265,101049,13667
SU,2011-03-20,F7194,F7195,B4575,1226,NA,1779,LBD,20.0,1.0,255,101298,12005
SU,2011-03-20,F7194,F7195,B4575,1226,NA,1779,LBD,20.0,1.0,255,101299,12005
SU,2011-05-20,F8378,F8379,B4591,1030,NA,1782,LBD,15.5,12.5,235,103640,12432
SU,2011-05-20,F8378,F8379,B4591,1030,NA,1782,LBD,15.5,12.5,235,103641,12432
SU,2011-06-08,H1099,H1100,C0001,958,NA,1784,LBD,-3.0,15.5,220,104339,11448
SU,2011-06-08,H1099,H1100,C0001,958,NA,1784,LBD,-3.0,15.5,220,104340,11448
SU,2011-04-01,F7255,F7256,C0005,1157,NA,1786,LBD,15.0,7.0,240,101858,12026
SU,2011-04-01,F7255,F7256,C0005,1157,NA,1786,LBD,15.0,7.0,240,101859,12026
SU,2011-04-17,F7132,F5482,C0006,1016,NA,1787,LBD,2.0,1.5,247,102362,11976
SU,2011-04-17,F7132,F5482,C0006,1016,NA,1787,LBD,2.0,1.5,247,102363,11976
SU,2011-06-17,F6144,F6145,C0010,1001,NA,1789,LBD,2.5,9.5,250,104631,11577
SU,2011-06-17,F6144,F6145,C0010,1001,NA,1789,LBD,2.5,9.5,250,104632,11577
SU,2011-04-01,F8382,F8383,C0019,1104,NA,1795,LBD,17.0,9.0,215,101864,12434
SU,2011-04-01,F8382,F8383,C0019,1104,NA,1795,LBD,17.0,9.0,215,101865,12434
SU,2011-04-26,F3842,F3843,C0027,1113,NA,1798,LBD,14.0,7.5,250,102827,11084
SU,2011-04-26,F3842,F3843,C0027,1113,NA,1798,LBD,14.0,7.5,250,102828,11084
SU,2011-04-03,F7132,F5482,C0028,1154,NA,1799,LBD,2.5,1.0,240,101927,11976
SU,2011-04-03,F7132,F5482,C0028,1154,NA,1799,LBD,2.5,1.0,240,101928,11976
SU,2011-04-12,F8378,F8379,C0037,1300,NA,1805,LBD,15.0,11.0,226,102251,12432
SU,2011-04-12,F8378,F8379,C0037,1300,NA,1805,LBD,15.0,11.0,226,102252,12432
SU,2011-04-01,F8488,F8489,C0044,1305,Big p3,1809,LBD,21.5,5.0,285,101868,12478
SU,2011-04-01,F8488,F8489,C0044,1305,Big p3,1809,LBD,21.5,5.0,285,101869,12478
SU,2011-04-06,F7255,F7256,C0047,1036,Released caught yesterday,1810,LBD,14.0,7.5,0,102066,12026
SU,2011-04-06,F7255,F7256,C0047,1036,Released caught yesterday,1810,LBD,14.0,7.5,0,102067,12026
SU,2011-04-01,F8384,F8385,C0058,1211,NA,1817,LBD,15.0,11.0,235,101866,12435
SU,2011-04-01,F8384,F8385,C0058,1211,NA,1817,LBD,15.0,11.0,235,101867,12435
SU,2011-03-31,F7071,F7072,C0063,1211,probably sp,1819,LBD,9.0,2.0,210,101820,11953
SU,2011-03-31,F7071,F7072,C0063,1211,probably sp,1819,LBD,9.0,2.0,210,101821,11953
SU,2011-03-31,F7071,F7072,C0063,1211,probably sp,1819,LBD,9.0,2.0,210,101822,11953
SU,2011-03-31,F7071,F7072,C0063,1211,probably sp,1819,LBD,9.0,2.0,210,101823,11953
SU,2011-04-04,F7071,F7072,C0080,1309,probably sp,1829,KEV,8.5,9.0,219,101971,11953
SU,2011-04-04,F7071,F7072,C0080,1309,probably sp,1829,KEV,8.5,9.0,219,101972,11953
SU,2011-03-29,F6144,F6145,C0091,1102,NA,1835,LBD,2.5,8.5,240,101708,11577
SU,2011-03-29,F6144,F6145,C0091,1102,NA,1835,LBD,2.5,8.5,240,101709,11577
SU,2011-03-28,F8378,F8379,C0098,1149,"Couldn't put colar on, bleeding",1838,LBD,15.0,11.0,225,101640,12432
SU,2011-03-28,F8378,F8379,C0098,1149,"Couldn't put colar on, bleeding",1838,LBD,15.0,11.0,225,101641,12432
SU,2011-04-07,F2144,F7179,C0102,1041,NA,1839,LBD,5.0,1.0,220,102109,10654
SU,2011-04-07,F2144,F7179,C0102,1041,NA,1839,LBD,5.0,1.0,220,102110,10654
SU,2011-04-03,F2144,F7179,C0108,1047,Probably lost litter,1842,LBD,5.5,1.5,215,101923,10654
SU,2011-04-03,F2144,F7179,C0108,1047,Probably lost litter,1842,LBD,5.5,1.5,215,101924,10654
SU,2011-03-29,F7253,F7254,C0111,1200,NA,1843,LBD,8.5,7.5,250,101716,12025
SU,2011-03-29,F7253,F7254,C0111,1200,NA,1843,LBD,8.5,7.5,250,101717,12025
SU,2011-04-06,D8428,D6795,C0113,1303,NA,1844,LBD,10.0,6.0,290,102064,10191
SU,2011-04-06,D8428,D6795,C0113,1303,NA,1844,LBD,10.0,6.0,290,102065,10191
SU,2011-04-01,F8378,F8379,C0138,1215,Caught the day before. Just colared her,1854,LBD,15.0,11.0,NA,101862,12432
SU,2011-04-01,F8378,F8379,C0138,1215,Caught the day before. Just colared her,1854,LBD,15.0,11.0,NA,101863,12432
SU,2011-03-29,F7132,F5482,C0156,1234,NA,1862,LBD,3.5,4.0,270,101712,11976
SU,2011-03-29,F7132,F5482,C0156,1234,NA,1862,LBD,3.5,4.0,270,101713,11976
SU,2011-03-28,F7266,F7267,C0159,1104,"was freaking out and bleeding, couldn't get 2 DNA samples",1864,LBD,21.5,5.0,220,101638,12031
SU,2011-03-28,F7266,F7267,C0159,1104,"was freaking out and bleeding, couldn't get 2 DNA samples",1864,LBD,21.5,5.0,220,101639,12031
SU,2011-03-31,F8378,F8379,C0192,1106,Try to put colar on.Was moving back finaly escape,1881,LBD,15.0,11.0,226,101824,12432
SU,2011-03-31,F8378,F8379,C0192,1106,Try to put colar on.Was moving back finaly escape,1881,LBD,15.0,11.0,226,101825,12432
SU,2011-03-28,F8384,F8385,C0194,1143,NA,1883,LBD,14.5,11.0,235,101642,12435
SU,2011-03-28,F8384,F8385,C0194,1143,NA,1883,LBD,14.5,11.0,235,101643,12435
SU,2011-04-19,F8589,F8590,C0199,1215,NA,1888,LBD,8.5,9.0,231,102480,12524
SU,2011-04-19,F8589,F8590,C0199,1215,NA,1888,LBD,8.5,9.0,231,102481,12524
SU,2011-04-07,F3409,F3410,C0216,1226,NA,1896,LBD,3.0,18.0,241,102111,10918
SU,2011-04-07,F3409,F3410,C0216,1226,NA,1896,LBD,3.0,18.0,241,102112,10918
SU,2011-04-18,F6503,F6559,C0232,1056,NA,1908,LBD,16.0,3.0,227,102400,11722
SU,2011-04-18,F6503,F6559,C0232,1056,NA,1908,LBD,16.0,3.0,227,102401,11722
SU,2011-04-12,F8488,F8489,C0241,1242,NA,1914,LBD,21.5,7.0,236,102253,12478
SU,2011-04-12,F8488,F8489,C0241,1242,NA,1914,LBD,21.5,7.0,236,102254,12478
SU,2011-04-12,F6503,F6559,C0242,1223,NA,1915,LBD,16.0,3.0,270,102239,11722
SU,2011-04-12,F6503,F6559,C0242,1223,NA,1915,LBD,16.0,3.0,270,102240,11722
SU,2011-06-08,F8517,H1085,C0248,1034,NA,1920,LBD,7.5,16.0,253,104329,12492
SU,2011-06-08,F8517,H1085,C0248,1034,NA,1920,LBD,7.5,16.0,253,104330,12492
SU,2011-03-28,F6428,F6429,C0254,1116,NA,1924,LBD,20.0,6.0,255,101630,11690
SU,2011-03-28,F6428,F6429,C0254,1116,NA,1924,LBD,20.0,6.0,255,101631,11690
SU,2011-04-07,F7188,F5020,C0275,1032,NA,1937,LBD,5.0,1.0,285,102115,12003
SU,2011-04-07,F7188,F5020,C0275,1032,NA,1937,LBD,5.0,1.0,285,102116,12003
SU,2011-05-05,F7053,F7054,C0276,1116,NA,1938,LBD,17.5,4.5,251,103163,11944
SU,2011-05-05,F7053,F7054,C0276,1116,NA,1938,LBD,17.5,4.5,251,103164,11944
SU,2011-04-18,F8378,F8379,C0291,1139,NA,1946,LBD,15.0,11.0,235,102408,12432
SU,2011-04-18,F8378,F8379,C0291,1139,NA,1946,LBD,15.0,11.0,235,102409,12432
SU,2011-03-18,F8380,F8381,C0300,1136,NA,1952,FES,15.0,11.0,245,101234,12433
SU,2011-03-18,F8380,F8381,C0300,1136,NA,1952,FES,15.0,11.0,245,101235,12433
SU,2011-04-05,F7132,F5482,C0304,1239,Yellow wire ibutton,1955,KEV,2.5,1.0,249,102012,11976
SU,2011-04-05,F7132,F5482,C0304,1239,Yellow wire ibutton,1955,KEV,2.5,1.0,249,102013,11976
SU,2011-03-30,F7188,F5020,C0341,1145,NA,1973,LBD,5.0,1.0,255,101765,12003
SU,2011-03-30,F7188,F5020,C0341,1145,NA,1973,LBD,5.0,1.0,255,101766,12003
SU,2011-03-22,F6146,F6147,C0356,1321,NA,1984,LBD,7.5,14.5,240,101401,11578
SU,2011-03-22,F6146,F6147,C0356,1321,NA,1984,LBD,7.5,14.5,240,101402,11578
SU,2011-03-15,F6017,F6018,C0361,1321,Nipples looked to be medium pink?!,1987,FES,2.5,1.0,280,101103,11536
SU,2011-03-15,F6017,F6018,C0361,1321,Nipples looked to be medium pink?!,1987,FES,2.5,1.0,280,101104,11536
SU,2011-03-21,F7272,F7273,C0364,1133,NA,1989,LBD,7.0,8.0,240,101366,12033
SU,2011-03-21,F7272,F7273,C0364,1133,NA,1989,LBD,7.0,8.0,240,101367,12033
SU,2011-04-05,F7253,F7254,C0376,1039,NA,1995,KEV,10.5,10.5,252,102014,12025
SU,2011-04-05,F7253,F7254,C0376,1039,NA,1995,KEV,10.5,10.5,252,102015,12025
SU,2011-03-24,F7051,F7052,C0380,1326,NA,1998,LBD,17.5,1.0,205,101478,11943
SU,2011-03-24,F7051,F7052,C0380,1326,NA,1998,LBD,17.5,1.0,205,101479,11943
SU,2011-03-15,F8343,F8345,C0384,1345,NA,2001,FES,1.0,6.0,240,101107,12419
SU,2011-03-15,F8343,F8345,C0384,1345,NA,2001,FES,1.0,6.0,240,101108,12419
SU,2011-03-24,F3842,F3843,C0389,1130,NA,2003,LBD,14.0,7.5,240,101476,11084
SU,2011-03-24,F3842,F3843,C0389,1130,NA,2003,LBD,14.0,7.5,240,101477,11084
SU,2011-03-15,F6144,F6145,C0394,1421,Hard rod in abdomen,2007,FES,2.5,8.5,235,101105,11577
SU,2011-03-15,F6144,F6145,C0394,1421,Hard rod in abdomen,2007,FES,2.5,8.5,235,101106,11577
SU,2011-03-29,F6142,F6143,C0395,1252,NA,2008,LBD,3.0,12.0,250,101706,11576
SU,2011-03-29,F6142,F6143,C0395,1252,NA,2008,LBD,3.0,12.0,250,101707,11576
SU,2011-03-25,F6144,F6145,C0397,1344,NA,2010,LBD,2.5,9.5,245,101516,11577
SU,2011-03-25,F6144,F6145,C0397,1344,NA,2010,LBD,2.5,9.5,245,101517,11577
SU,2011-03-28,F6503,F6559,C0403,1212,NA,2014,LBD,16.0,3.0,240,101632,11722
SU,2011-03-28,F6503,F6559,C0403,1212,NA,2014,LBD,16.0,3.0,240,101633,11722
SU,2011-03-31,D8428,D6795,C0412,1311,NA,2021,LBD,9.0,6.0,275,101818,10191
SU,2011-03-31,D8428,D6795,C0412,1311,NA,2021,LBD,9.0,6.0,275,101819,10191
SU,2011-03-27,J2465,J2444,C0414,1222,"escaped, L3 female",2022,LBD,7.5,1.0,240,101580,13667
SU,2011-03-27,J2465,J2444,C0414,1222,"escaped, L3 female",2022,LBD,7.5,1.0,240,101581,13667
SU,2011-03-20,F7132,F5482,C0429,1220,NA,2027,FES,2.5,1.0,245,101292,11976
SU,2011-03-20,F7132,F5482,C0429,1220,NA,2027,FES,2.5,1.0,245,101293,11976
SU,2011-04-05,F8589,F8590,C0430,1030,NA,2028,KEV,8.5,9.0,250,102022,12524
SU,2011-04-05,F8589,F8590,C0430,1030,NA,2028,KEV,8.5,9.0,250,102023,12524
SU,2011-03-23,F8384,F8385,C0439,1300,NA,2035,LBD,15.0,11.0,225,101439,12435
SU,2011-03-23,F8384,F8385,C0439,1300,NA,2035,LBD,15.0,11.0,225,101440,12435
SU,2011-03-18,F8378,F8379,C0444,1254,NA,2038,FES,15.0,11.0,250,101232,12432
SU,2011-03-18,F8378,F8379,C0444,1254,NA,2038,FES,15.0,11.0,250,101233,12432
SU,2011-04-05,F7266,F7267,C0452,1210,NA,2042,KEV,21.5,5.0,236,102018,12031
SU,2011-04-05,F7266,F7267,C0452,1210,NA,2042,KEV,21.5,5.0,236,102019,12031
SU,2011-03-29,F6017,F6018,C0463,1330,NA,2049,LBD,2.0,1.5,251,101704,11536
SU,2011-03-29,F6017,F6018,C0463,1330,NA,2049,LBD,2.0,1.5,251,101705,11536
SU,2011-04-03,F7188,F5020,C0465,1136,NA,2050,LBD,5.0,1.0,275,101929,12003
SU,2011-04-03,F7188,F5020,C0465,1136,NA,2050,LBD,5.0,1.0,275,101930,12003
SU,2011-03-22,F3409,F3410,C0485,1156,NA,2063,LBD,3.0,18.0,230,101397,10918
SU,2011-03-22,F3409,F3410,C0485,1156,NA,2063,LBD,3.0,18.0,230,101398,10918
SU,2011-03-24,J2465,J2444,C0493,1307,NA,2068,LBD,12.0,3.0,231,101482,13667
SU,2011-03-24,J2465,J2444,C0493,1307,NA,2068,LBD,12.0,3.0,231,101483,13667
SU,2011-04-26,F8384,F8385,C0502,1433,NA,2075,LBD,14.5,11.0,227,102833,12435
SU,2011-04-26,F8384,F8385,C0502,1433,NA,2075,LBD,14.5,11.0,227,102834,12435
SU,2011-05-05,F3842,F3843,C0520,1008,"Released unhandled, caught yesterday",2086,LBD,14.5,8.5,0,103161,11084
SU,2011-05-05,F3842,F3843,C0520,1008,"Released unhandled, caught yesterday",2086,LBD,14.5,8.5,0,103162,11084
SU,2011-04-20,F7188,F5020,C0527,1105,NA,2090,LBD,3.5,2.0,234,102547,12003
SU,2011-04-20,F7188,F5020,C0527,1105,NA,2090,LBD,3.5,2.0,234,102548,12003
JO,2011-04-20,F8420,F8421,C0531,957,NA,2091,AMC,17.5,1.5,0,102519,12451
JO,2011-04-20,F8420,F8421,C0531,957,NA,2091,AMC,17.5,1.5,0,102520,12451
SU,2011-04-12,F7255,F7256,C0542,1146,NA,2098,LBD,14.0,7.5,225,102247,12026
SU,2011-04-12,F7255,F7256,C0542,1146,NA,2098,LBD,14.0,7.5,225,102248,12026
SU,2011-03-20,F8589,F8590,C0556,1326,NA,2105,FES,8.5,9.0,230,101306,12524
SU,2011-03-20,F8589,F8590,C0556,1326,NA,2105,FES,8.5,9.0,230,101307,12524
SU,2011-04-18,J2465,J2444,C0560,1031,NA,2107,LBD,10.0,0.0,240,102416,13667
SU,2011-04-18,J2465,J2444,C0560,1031,NA,2107,LBD,10.0,0.0,240,102417,13667
SU,2011-04-21,F7071,F7072,C0562,1200,NA,2108,LBD,14.0,2.0,215,102637,11953
SU,2011-04-21,F7071,F7072,C0562,1200,NA,2108,LBD,14.0,2.0,215,102638,11953
SU,2011-04-21,F5312,F5313,C0567,1053,"Lost, Wean",2112,LBD,19.0,1.0,235,102629,11313
SU,2011-04-21,F5312,F5313,C0567,1053,"Lost, Wean",2112,LBD,19.0,1.0,235,102630,11313
SU,2011-04-21,F5312,F5313,C0567,1053,"Lost, Wean",2112,LBD,19.0,1.0,235,102631,11313
SU,2011-04-21,F5312,F5313,C0567,1053,"Lost, Wean",2112,LBD,19.0,1.0,235,102632,11313
SU,2011-03-16,F8382,F8383,C0581,1352,NA,2117,FES,17.0,9.0,220,101152,12434
SU,2011-03-16,F8382,F8383,C0581,1352,NA,2117,FES,17.0,9.0,220,101153,12434
SU,2011-04-18,F7255,F7256,C0591,1220,possibly lost,2122,LBD,14.0,7.5,227,102404,12026
SU,2011-04-18,F7255,F7256,C0591,1220,possibly lost,2122,LBD,14.0,7.5,227,102405,12026
SU,2011-04-20,F7257,F7258,C0625,1148,Released unhandled,2144,LBD,3.5,15.5,0,102551,12027
SU,2011-04-20,F7257,F7258,C0625,1148,Released unhandled,2144,LBD,3.5,15.5,0,102552,12027
SU,2011-04-20,F7257,F7258,C0625,1148,Released unhandled,2144,LBD,3.5,15.5,0,102553,12027
SU,2011-04-20,F7257,F7258,C0625,1148,Released unhandled,2144,LBD,3.5,15.5,0,102554,12027
SU,2011-04-19,F7132,F5482,C0637,1056,Released unhandled caught earlier,2153,LBD,2.0,1.5,0,102473,11976
SU,2011-04-19,F7132,F5482,C0637,1056,Released unhandled caught earlier,2153,LBD,2.0,1.5,0,102474,11976
SU,2011-04-19,F7132,F5482,C0637,1056,Released unhandled caught earlier,2153,LBD,2.0,1.5,0,102475,11976
SU,2011-04-19,F7132,F5482,C0637,1056,Released unhandled caught earlier,2153,LBD,2.0,1.5,0,102476,11976
SU,2011-04-24,F8488,F8489,C0638,1003,Lost?,2154,LBD,21.0,5.5,235,102736,12478
SU,2011-04-24,F8488,F8489,C0638,1003,Lost?,2154,LBD,21.0,5.5,235,102737,12478
SU,2011-05-11,F8024,F8025,C0639,1028,"new colar on, I-botton girl.",2155,LBD,6.5,16.0,241,103329,12301
SU,2011-05-11,F8024,F8025,C0639,1028,"new colar on, I-botton girl.",2155,LBD,6.5,16.0,241,103330,12301
SU,2011-04-18,F8384,F8385,C0649,1203,NA,2161,LBD,14.5,11.0,230,102412,12435
SU,2011-04-18,F8384,F8385,C0649,1203,NA,2161,LBD,14.5,11.0,230,102413,12435
SU,2011-04-20,F7132,F5482,C0654,936,released unhandled,2166,LBD,3.5,1.0,0,102542,11976
SU,2011-04-20,F7132,F5482,C0654,936,released unhandled,2166,LBD,3.5,1.0,0,102543,11976
SU,2011-04-20,F7132,F5482,C0654,936,released unhandled,2166,LBD,3.5,1.0,0,102544,11976
SU,2011-04-20,F7132,F5482,C0654,936,released unhandled,2166,LBD,3.5,1.0,0,102545,11976
SU,2011-06-20,H0313,H1000,C0661,1047,NA,2171,LBD,6.5,16.0,150,104679,12802
SU,2011-06-20,H0313,H1000,C0661,1047,NA,2171,LBD,6.5,16.0,150,104680,12802
SU,2011-04-24,F7051,F7052,C0667,1220,NA,2173,LBD,21.0,1.0,225,102724,11943
SU,2011-04-24,F7051,F7052,C0667,1220,NA,2173,LBD,21.0,1.0,225,102725,11943
SU,2011-05-04,F8589,F8590,C0668,1010,NA,2174,LBD,8.5,9.5,240,103123,12524
SU,2011-05-04,F8589,F8590,C0668,1010,NA,2174,LBD,8.5,9.5,240,103124,12524
SU,2011-05-31,F8378,F8379,C0671,930,Wean,2176,LBD,15.0,11.0,230,104023,12432
SU,2011-05-31,F8378,F8379,C0671,930,Wean,2176,LBD,15.0,11.0,230,104024,12432
SU,2011-06-02,F3497,F3498,C0675,907,Released,2178,LBD,-2.0,4.0,0,104149,10946
SU,2011-06-02,F3497,F3498,C0675,907,Released,2178,LBD,-2.0,4.0,0,104150,10946
SU,2011-06-02,H1199,H1200,C0677,932,Released,2180,LBD,-3.0,6.0,0,104167,13137
SU,2011-06-02,H1199,H1200,C0677,932,Released,2180,LBD,-3.0,6.0,0,104168,13137
SU,2011-06-20,F3497,F3498,C0679,1138,NA,2182,LBD,-3.5,3.0,230,104667,10946
SU,2011-06-20,F3497,F3498,C0679,1138,NA,2182,LBD,-3.5,3.0,230,104668,10946
SU,2011-04-27,F8488,F8489,C0681,932,NA,2184,LBD,21.5,5.0,225,102872,12478
SU,2011-04-27,F8488,F8489,C0681,932,NA,2184,LBD,21.5,5.0,225,102873,12478
SU,2011-04-26,F8378,F8379,C0683,1057,NA,2186,LBD,14.5,11.0,240,102831,12432
SU,2011-04-26,F8378,F8379,C0683,1057,NA,2186,LBD,14.5,11.0,240,102832,12432
SU,2011-04-22,F2144,F7179,C0699,1055,"Smaller growth near the nipple, second litter",2198,LBD,5.5,1.5,245,102688,10654
SU,2011-04-22,F2144,F7179,C0699,1055,"Smaller growth near the nipple, second litter",2198,LBD,5.5,1.5,245,102689,10654
SU,2011-06-02,H1197,H1198,C0731,921,NA,2220,LBD,-2.0,4.0,135,104165,13136
SU,2011-06-02,H1197,H1198,C0731,921,NA,2220,LBD,-2.0,4.0,135,104166,13136
SU,2011-04-24,F7266,F7267,C0732,1134,NA,2221,LBD,21.0,5.5,275,102730,12031
SU,2011-04-24,F7266,F7267,C0732,1134,NA,2221,LBD,21.0,5.5,275,102731,12031
SU,2011-05-29,F2144,F7179,C0734,1035,NA,2223,LBD,5.5,1.5,210,103911,10654
SU,2011-05-29,F2144,F7179,C0734,1035,NA,2223,LBD,5.5,1.5,210,103912,10654
SU,2011-04-24,F8378,F8379,C0746,1021,NA,2233,LBD,15.0,11.0,237,102734,12432
SU,2011-04-24,F8378,F8379,C0746,1021,NA,2233,LBD,15.0,11.0,237,102735,12432
SU,2011-04-26,F7255,F7256,C0747,1130,"Kind of big nipples no milk
",2234,LBD,14.0,7.5,215,102829,12026
SU,2011-04-26,F7255,F7256,C0747,1130,"Kind of big nipples no milk
",2234,LBD,14.0,7.5,215,102830,12026
SU,2011-05-05,D8428,D6795,C0752,1032,NA,2236,LBD,10.0,6.0,266,103159,10191
SU,2011-05-05,D8428,D6795,C0752,1032,NA,2236,LBD,10.0,6.0,266,103160,10191
SU,2011-06-20,F8589,F8590,C0759,1015,NA,2240,LBD,8.5,9.5,220,104677,12524
SU,2011-06-20,F8589,F8590,C0759,1015,NA,2240,LBD,8.5,9.5,220,104678,12524
SU,2011-04-29,F2144,F7179,C0789,1023,NA,2257,LBD,5.5,1.5,220,102954,10654
SU,2011-04-29,F2144,F7179,C0789,1023,NA,2257,LBD,5.5,1.5,220,102955,10654
SU,2011-06-02,F7177,F5610,C0800,1010,NA,2265,LBD,1.0,19.0,210,104153,11997
SU,2011-06-02,F7177,F5610,C0800,1010,NA,2265,LBD,1.0,19.0,210,104154,11997
SU,2011-04-27,F7053,F7054,C0801,1016,NA,2266,LBD,18.0,4.0,241,102864,11944
SU,2011-04-27,F7053,F7054,C0801,1016,NA,2266,LBD,18.0,4.0,241,102865,11944
SU,2011-05-31,F8384,F8385,C0804,937,NA,2268,LBD,14.5,11.0,225,104027,12435
SU,2011-05-31,F8384,F8385,C0804,937,NA,2268,LBD,14.5,11.0,225,104028,12435
SU,2011-06-07,F6503,F6559,C0811,1041,NA,2274,LBD,16.0,3.0,215,104267,11722
SU,2011-06-07,F6503,F6559,C0811,1041,NA,2274,LBD,16.0,3.0,215,104268,11722
SU,2011-06-02,H1090,H1091,C0817,957,NA,2278,LBD,-3.5,16.0,215,104161,13094
SU,2011-06-02,H1090,H1091,C0817,957,NA,2278,LBD,-3.5,16.0,215,104162,13094
SU,2011-06-02,H0181,H0182,C0818,905,Released,2279,LBD,-2.0,4.0,0,104157,12747
SU,2011-06-02,H0181,H0182,C0818,905,Released,2279,LBD,-2.0,4.0,0,104158,12747
SU,2011-05-09,F7178,F7181,C0823,1032,NA,2283,LBD,5.0,11.5,222,103287,11998
SU,2011-05-09,F7178,F7181,C0823,1032,NA,2283,LBD,5.0,11.5,222,103288,11998
SU,2011-05-04,F7178,F7181,C0830,943,Rattled at E11.,2287,LBD,6.5,12.0,241,103119,11998
SU,2011-05-04,F7178,F7181,C0830,943,Rattled at E11.,2287,LBD,6.5,12.0,241,103120,11998
SU,2011-06-02,H0179,H0180,C0832,934,Released,2289,LBD,-3.0,6.0,0,104155,12746
SU,2011-06-02,H0179,H0180,C0832,934,Released,2289,LBD,-3.0,6.0,0,104156,12746
SU,2011-05-28,H1088,H1089,C0833,1028,NA,2290,LBD,10.0,7.5,160,103878,13093
SU,2011-05-28,H1088,H1089,C0833,1028,NA,2290,LBD,10.0,7.5,160,103879,13093
SU,2011-05-22,F8382,F8383,C0849,1008,P8. Midden,2298,LBD,16.0,8.5,220,103674,12434
SU,2011-05-22,F8382,F8383,C0849,1008,P8. Midden,2298,LBD,16.0,8.5,220,103675,12434
SU,2011-06-07,F8488,F8489,C0851,907,NA,2299,LBD,21.0,5.5,215,104281,12478
SU,2011-06-07,F8488,F8489,C0851,907,NA,2299,LBD,21.0,5.5,215,104282,12478
SU,2011-06-07,F8384,F8385,C0853,946,NA,2301,LBD,14.5,11.0,223,104277,12435
SU,2011-06-07,F8384,F8385,C0853,946,NA,2301,LBD,14.5,11.0,223,104278,12435
SU,2011-05-31,F8382,F8383,C0880,920,Released,2319,LBD,17.5,9.0,0,104025,12434
SU,2011-05-31,F8382,F8383,C0880,920,Released,2319,LBD,17.5,9.0,0,104026,12434
SU,2011-05-31,F8589,F8590,C0888,1006,NA,2325,LBD,8.5,9.5,225,104031,12524
SU,2011-05-31,F8589,F8590,C0888,1006,NA,2325,LBD,8.5,9.5,225,104032,12524
SU,2011-05-09,F7262,F7263,C0903,1016,NA,2335,LBD,3.0,12.0,225,103293,12029
SU,2011-05-09,F7262,F7263,C0903,1016,NA,2335,LBD,3.0,12.0,225,103294,12029
SU,2011-05-28,F7057,F7058,C0910,927,NA,2341,LBD,20.0,6.0,231,103866,11946
SU,2011-05-28,F7057,F7058,C0910,927,NA,2341,LBD,20.0,6.0,231,103867,11946
SU,2011-06-02,H1099,H1100,C0916,951,Released,2347,LBD,-3.5,16.5,0,104163,11448
SU,2011-06-02,H1099,H1100,C0916,951,Released,2347,LBD,-3.5,16.5,0,104164,11448
SU,2011-04-25,F7177,F5610,C0924,1124,0,2351,LBD,1.0,19.0,220,102778,11997
SU,2011-04-25,F7177,F5610,C0924,1124,0,2351,LBD,1.0,19.0,220,102779,11997
SU,2011-04-05,F7255,F7256,C0936,1049,NA,2355,KEV,14.0,7.5,258,102016,12026
SU,2011-04-05,F7255,F7256,C0936,1049,NA,2355,KEV,14.0,7.5,258,102017,12026
SU,2011-05-25,F7255,F7256,C0946,951,RELEASED,2360,LBD,14.0,7.5,0,103773,12026
SU,2011-05-25,F7255,F7256,C0946,951,RELEASED,2360,LBD,14.0,7.5,0,103774,12026
SU,2011-03-27,F0430,F0431,C0947,1142,NA,2361,LBD,4.0,9.0,260,101564,10358
SU,2011-03-27,F0430,F0431,C0947,1142,NA,2361,LBD,4.0,9.0,260,101565,10358
SU,2011-05-01,F8593,F8594,C0956,1102,NA,2366,LBD,7.0,9.5,248,103019,12526
SU,2011-05-01,F8593,F8594,C0956,1102,NA,2366,LBD,7.0,9.5,248,103020,12526
SU,2011-05-30,H0503,H0504,C0959,1026,NA,2368,LBD,-2.0,4.0,160,103964,12865
SU,2011-05-30,H0503,H0504,C0959,1026,NA,2368,LBD,-2.0,4.0,160,103965,12865
SU,2011-04-18,F8382,F8383,C0972,1122,NA,2376,LBD,17.0,9.0,220,102410,12434
SU,2011-04-18,F8382,F8383,C0972,1122,NA,2376,LBD,17.0,9.0,220,102411,12434
SU,2011-05-09,F7188,F5020,C0985,1114,NA,2383,LBD,4.5,2.5,230,103291,12003
SU,2011-05-09,F7188,F5020,C0985,1114,NA,2383,LBD,4.5,2.5,230,103292,12003
SU,2011-05-08,F5312,F5313,C0988,917,NA,2385,LBD,21.5,3.0,237,103232,11313
SU,2011-05-08,F5312,F5313,C0988,917,NA,2385,LBD,21.5,3.0,237,103233,11313
SU,2011-04-22,F7132,F5482,C0992,957,Released,2388,LBD,2.0,1.5,0,102690,11976
SU,2011-04-22,F7132,F5482,C0992,957,Released,2388,LBD,2.0,1.5,0,102691,11976
SU,2011-04-25,F3409,F3410,C1204,1053,NA,2398,LBD,3.0,18.0,241,102776,10918
SU,2011-04-25,F3409,F3410,C1204,1053,NA,2398,LBD,3.0,18.0,241,102777,10918
SU,2011-06-17,F7188,F5020,C1212,928,Gain weight,2405,LBD,4.5,2.5,235,104633,12003
SU,2011-06-17,F7188,F5020,C1212,928,Gain weight,2405,LBD,4.5,2.5,235,104634,12003
SU,2011-06-20,F8517,H1085,C1235,1029,Lost¿,2420,LBD,7.5,16.0,245,104675,12492
SU,2011-06-20,F8517,H1085,C1235,1029,Lost¿,2420,LBD,7.5,16.0,245,104676,12492
SU,2011-06-07,F8382,F8383,C1238,920,NA,2423,LBD,18.0,11.0,230,104275,12434
SU,2011-06-07,F8382,F8383,C1238,920,NA,2423,LBD,18.0,11.0,230,104276,12434
SU,2011-06-04,F7053,F7054,C1241,1005,NA,2425,LBD,18.0,4.0,247,104199,11944
SU,2011-06-04,F7053,F7054,C1241,1005,NA,2425,LBD,18.0,4.0,247,104200,11944
SU,2011-06-04,F7132,F5482,C1242,1147,NA,2426,LBD,2.5,1.0,235,104203,11976
SU,2011-06-04,F7132,F5482,C1242,1147,NA,2426,LBD,2.5,1.0,235,104204,11976
SU,2011-06-04,F8382,F8383,C1243,1058,Released,2427,LBD,17.5,9.5,0,104207,12434
SU,2011-06-04,F8382,F8383,C1243,1058,Released,2427,LBD,17.5,9.5,0,104208,12434
SU,2011-06-04,F7255,F7256,C1244,950,Released,2428,LBD,14.0,7.5,0,104205,12026
SU,2011-06-04,F7255,F7256,C1244,950,Released,2428,LBD,14.0,7.5,0,104206,12026
SU,2011-05-31,F3497,F3498,C1259,1117,NA,2438,LBD,-5.0,5.0,226,104013,10946
SU,2011-05-31,F3497,F3498,C1259,1117,NA,2438,LBD,-5.0,5.0,226,104014,10946
SU,2011-05-09,F6144,F6145,C1261,1136,NA,2439,LBD,2.5,8.5,240,103284,11577
SU,2011-05-09,F6144,F6145,C1261,1136,NA,2439,LBD,2.5,8.5,240,103285,11577
SU,2011-05-03,F7255,F7256,C1263,1107,NA,2440,LBD,14.0,7.5,215,103081,12026
SU,2011-05-03,F7255,F7256,C1263,1107,NA,2440,LBD,14.0,7.5,215,103082,12026
SU,2011-08-09,F8486,F8487,C1266,1037,NA,2442,LBD,17.0,11.0,235,106811,12477
SU,2011-08-09,F8486,F8487,C1266,1037,NA,2442,LBD,17.0,11.0,235,106812,12477
SU,2011-08-09,H1092,H1093,C1274,1603,NA,2447,LBD,-1.0,17.0,245,106817,13095
SU,2011-08-09,H1092,H1093,C1274,1603,NA,2447,LBD,-1.0,17.0,245,106818,13095
SU,2011-05-28,F8382,F8383,C1277,938,NA,2448,LBD,17.0,9.0,220,103874,12434
SU,2011-05-28,F8382,F8383,C1277,938,NA,2448,LBD,17.0,9.0,220,103875,12434
SU,2011-05-05,F8384,F8385,C1279,951,NA,2450,LBD,14.5,11.0,230,103169,12435
SU,2011-05-05,F8384,F8385,C1279,951,NA,2450,LBD,14.5,11.0,230,103170,12435
SU,2011-05-09,F2144,F7179,C1280,916,NA,2451,LBD,5.5,1.5,220,103280,10654
SU,2011-05-09,F2144,F7179,C1280,916,NA,2451,LBD,5.5,1.5,220,103281,10654
SU,2011-05-29,F8517,H1085,C1286,1118,NA,2455,LBD,7.5,16.0,257,103923,12492
SU,2011-05-29,F8517,H1085,C1286,1118,NA,2455,LBD,7.5,16.0,257,103924,12492
SU,2011-04-29,F7132,F5482,C1292,1037,colar not on when weighted,2458,LBD,2.5,1.0,255,102958,11976
SU,2011-04-29,F7132,F5482,C1292,1037,colar not on when weighted,2458,LBD,2.5,1.0,255,102959,11976
SU,2011-05-06,F3409,F3410,C1295,955,NA,2460,LBD,2.5,18.0,250,103194,10918
SU,2011-05-06,F3409,F3410,C1295,955,NA,2460,LBD,2.5,18.0,250,103195,10918
SU,2011-05-31,F8024,F8025,C1299,1028,NA,2462,LBD,6.5,16.0,230,104021,12301
SU,2011-05-31,F8024,F8025,C1299,1028,NA,2462,LBD,6.5,16.0,230,104022,12301
SU,2011-05-23,F8486,F8487,C1300,933,RELEASED,2463,LBD,18.0,11.0,0,103711,12477
SU,2011-05-23,F8486,F8487,C1300,933,RELEASED,2463,LBD,18.0,11.0,0,103712,12477
SU,2011-06-04,H1195,H1196,C1319,1653,NA,2474,LBD,18.0,11.0,170,104211,13135
SU,2011-06-04,H1195,H1196,C1319,1653,NA,2474,LBD,18.0,11.0,170,104212,13135
SU,2011-05-03,F7071,F7072,C1333,1141,Released caught earlier,2481,LBD,16.0,1.0,0,103075,11953
SU,2011-05-03,F7071,F7072,C1333,1141,Released caught earlier,2481,LBD,16.0,1.0,0,103076,11953
SU,2011-05-03,F7071,F7072,C1333,1141,Released caught earlier,2481,LBD,16.0,1.0,0,103077,11953
SU,2011-05-03,F7071,F7072,C1333,1141,Released caught earlier,2481,LBD,16.0,1.0,0,103078,11953
SU,2011-05-04,F7132,F5482,C1345,1044,NA,2492,LBD,3.5,4.0,252,103117,11976
SU,2011-05-04,F7132,F5482,C1345,1044,NA,2492,LBD,3.5,4.0,252,103118,11976
SU,2011-04-29,F7266,F7267,C1347,945,NA,2494,LBB,21.0,5.5,240,102963,12031
SU,2011-04-29,F7266,F7267,C1347,945,NA,2494,LBB,21.0,5.5,240,102964,12031
SU,2011-08-09,F7182,F7192,C1366,1506,NA,2508,LBD,8.5,12.0,250,106791,12e3
SU,2011-08-09,F7182,F7192,C1366,1506,NA,2508,LBD,8.5,12.0,250,106792,12e3
SU,2011-05-31,H1086,H1087,C1369,1123,Released,2510,LBD,-3.0,6.0,0,104037,13092
SU,2011-05-31,H1086,H1087,C1369,1123,Released,2510,LBD,-3.0,6.0,0,104038,13092
SU,2011-08-09,F8024,F8025,C1387,1657,NA,2523,LBD,6.5,16.0,235,106803,12301
SU,2011-08-09,F8024,F8025,C1387,1657,NA,2523,LBD,6.5,16.0,235,106804,12301
SU,2011-05-01,F7178,F7181,C1389,1145,Rattle at E11?,2525,LBD,5.0,11.5,220,103013,11998
SU,2011-05-01,F7178,F7181,C1389,1145,Rattle at E11?,2525,LBD,5.0,11.5,220,103014,11998
SU,2011-05-26,H1099,H1100,C1399,NA,collar:1,2532,LBD,-3.0,15.5,232,103825,11448
SU,2011-05-26,H1099,H1100,C1399,NA,collar:1,2532,LBD,-3.0,15.5,232,103826,11448
SU,2011-04-29,F6144,F6145,C1404,1143,colar not on when weighted,2534,LBD,2.5,8.5,240,102956,11577
SU,2011-04-29,F6144,F6145,C1404,1143,colar not on when weighted,2534,LBD,2.5,8.5,240,102957,11577
SU,2011-05-05,F8378,F8379,C1419,836,NA,2543,LBD,15.0,11.0,235,103167,12432
SU,2011-05-05,F8378,F8379,C1419,836,NA,2543,LBD,15.0,11.0,235,103168,12432
SU,2011-06-07,F7255,F7256,C1440,1029,NA,2557,LBD,14.0,7.5,231,104271,12026
SU,2011-06-07,F7255,F7256,C1440,1029,NA,2557,LBD,14.0,7.5,231,104272,12026
SU,2011-05-06,F7177,F5610,C1448,1137,NA,2560,LBD,1.0,19.0,241,103196,11997
SU,2011-05-06,F7177,F5610,C1448,1137,NA,2560,LBD,1.0,19.0,241,103197,11997
SU,2011-08-09,F8382,F8383,C1459,1019,NA,2564,LBD,17.0,9.0,240,106807,12434
SU,2011-08-09,F8382,F8383,C1459,1019,NA,2564,LBD,17.0,9.0,240,106808,12434
SU,2011-05-03,F3842,F3843,C1465,1100,NA,2569,LBD,14.0,7.5,245,103069,11084
SU,2011-05-03,F3842,F3843,C1465,1100,NA,2569,LBD,14.0,7.5,245,103070,11084
SU,2011-05-04,F6144,F6145,C1471,1033,Really bad neck,2573,LBD,2.5,9.5,232,103115,11577
SU,2011-05-04,F6144,F6145,C1471,1033,Really bad neck,2573,LBD,2.5,9.5,232,103116,11577
SU,2011-05-08,F3842,F3843,C1490,940,NA,2581,LBD,20.0,6.0,255,103230,11084
SU,2011-05-08,F3842,F3843,C1490,940,NA,2581,LBD,20.0,6.0,255,103231,11084
SU,2011-05-01,F8024,F8025,C1493,1037,NA,2583,LBD,6.5,16.0,230,103015,12301
SU,2011-05-01,F8024,F8025,C1493,1037,NA,2583,LBD,6.5,16.0,230,103016,12301
SU,2011-05-30,F6142,F6143,C1500,1110,NA,2588,LBD,9.0,1.0,235,103961,11576
SU,2011-05-30,F6142,F6143,C1500,1110,NA,2588,LBD,9.0,1.0,235,103962,11576
SU,2011-06-02,H1086,H1087,C1506,928,Released,2592,LBD,-3.0,6.0,0,104159,13092
SU,2011-06-02,H1086,H1087,C1506,928,Released,2592,LBD,-3.0,6.0,0,104160,13092
SU,2011-05-22,F7053,F7054,C1512,1129,NA,2595,LBD,18.0,4.0,242,103668,11944
SU,2011-05-22,F7053,F7054,C1512,1129,NA,2595,LBD,18.0,4.0,242,103669,11944
SU,2011-05-26,H0765,H0766,C1513,1115,NA,2596,LBD,2.0,17.0,145,103817,12973
SU,2011-05-26,H0765,H0766,C1513,1115,NA,2596,LBD,2.0,17.0,145,103818,12973
SU,2011-05-31,F8517,H1085,C1523,1023,NA,2604,LBD,7.5,16.0,256,104029,12492
SU,2011-05-31,F8517,H1085,C1523,1023,NA,2604,LBD,7.5,16.0,256,104030,12492
SU,2011-05-24,F7255,F7256,C1547,940,Released,2625,LBD,14.0,8.0,0,103740,12026
SU,2011-05-24,F7255,F7256,C1547,940,Released,2625,LBD,14.0,8.0,0,103741,12026
SU,2011-05-22,F8486,F8487,C1567,947,NA,2641,LBD,18.0,11.0,240,103676,12477
SU,2011-05-22,F8486,F8487,C1567,947,NA,2641,LBD,18.0,11.0,240,103677,12477
SU,2011-05-13,F8486,F8487,C1578,1028,NA,2651,LBD,18.0,11.0,240,103403,12477
SU,2011-05-13,F8486,F8487,C1578,1028,NA,2651,LBD,18.0,11.0,240,103404,12477
SU,2011-05-19,F7071,F7072,C1579,1052,Escaped,2652,LBD,15.0,2.5,225,103571,11953
SU,2011-05-19,F7071,F7072,C1579,1052,Escaped,2652,LBD,15.0,2.5,225,103572,11953
SU,2011-05-13,F3842,F3843,C1580,1043,NA,2653,LBD,14.0,7.5,265,103395,11084
SU,2011-05-13,F3842,F3843,C1580,1043,NA,2653,LBD,14.0,7.5,265,103396,11084
SU,2011-06-20,H1086,H1087,C1603,1131,NA,2670,LBD,-3.0,6.0,200,104681,13092
SU,2011-06-20,H1086,H1087,C1603,1131,NA,2670,LBD,-3.0,6.0,200,104682,13092
SU,2011-05-29,F3497,F3498,C1604,941,NA,2671,LBD,-3.5,3.0,230,103913,10946
SU,2011-05-29,F3497,F3498,C1604,941,NA,2671,LBD,-3.5,3.0,230,103914,10946
SU,2011-05-29,F3497,F3498,C1604,941,NA,2671,LBD,-3.5,3.0,230,103915,10946
SU,2011-05-29,F3497,F3498,C1604,941,NA,2671,LBD,-3.5,3.0,230,103916,10946
SU,2011-05-28,F7255,F7256,C1617,952,Released,2682,LBD,14.0,7.5,0,103870,12026
SU,2011-05-28,F7255,F7256,C1617,952,Released,2682,LBD,14.0,7.5,0,103871,12026
SU,2011-05-13,F7051,F7052,C1623,1114,NA,2687,LBD,21.0,1.0,217,103397,11943
SU,2011-05-13,F7051,F7052,C1623,1114,NA,2687,LBD,21.0,1.0,217,103398,11943
SU,2011-05-13,F7255,F7256,C1629,1050,NA,2694,LBD,14.0,7.5,220,103401,12026
SU,2011-05-13,F7255,F7256,C1629,1050,NA,2694,LBD,14.0,7.5,220,103402,12026
SU,2011-05-30,H1086,H1087,C1630,1014,NA,2695,LBD,-3.0,6.0,216,103968,13092
SU,2011-05-30,H1086,H1087,C1630,1014,NA,2695,LBD,-3.0,6.0,216,103969,13092
SU,2011-05-13,F7057,F7058,C1631,1244,NA,2696,LBD,20.0,6.0,220,103399,11946
SU,2011-05-13,F7057,F7058,C1631,1244,NA,2696,LBD,20.0,6.0,220,103400,11946
SU,2011-06-07,F8378,F8379,C1643,937,NA,2704,LBD,15.0,11.0,235,104273,12432
SU,2011-06-07,F8378,F8379,C1643,937,NA,2704,LBD,15.0,11.0,235,104274,12432
SU,2011-05-20,F6503,F6559,C1646,1122,NA,2706,LBD,17.5,3.0,225,103634,11722
SU,2011-05-20,F6503,F6559,C1646,1122,NA,2706,LBD,17.5,3.0,225,103635,11722
SU,2011-05-29,F7178,F7181,C1649,1048,NA,2709,LBD,5.0,11.5,220,103917,11998
SU,2011-05-29,F7178,F7181,C1649,1048,NA,2709,LBD,5.0,11.5,220,103918,11998
SU,2011-05-25,F6142,F6143,C1651,1101,NA,2710,LBD,5.5,5.5,240,103766,11576
SU,2011-05-25,F6142,F6143,C1651,1101,NA,2710,LBD,5.5,5.5,240,103767,11576
SU,2011-05-31,H1081,H1082,C1653,1104,NA,2712,LBD,-2.0,4.0,130,104035,13090
SU,2011-05-31,H1081,H1082,C1653,1104,NA,2712,LBD,-2.0,4.0,130,104036,13090
SU,2011-05-17,F5312,F5313,C1667,1011,NA,2723,LBD,21.0,3.0,236,103492,11313
SU,2011-05-17,F5312,F5313,C1667,1011,NA,2723,LBD,21.0,3.0,236,103493,11313
SU,2011-05-26,F3664,F3665,C1672,1011,NA,2728,LBD,6.0,12.0,155,103811,11011
SU,2011-05-26,F3664,F3665,C1672,1011,NA,2728,LBD,6.0,12.0,155,103812,11011
SU,2011-05-17,F8488,F8489,C1680,957,NA,2734,LBD,21.0,5.5,210,103500,12478
SU,2011-05-17,F8488,F8489,C1680,957,NA,2734,LBD,21.0,5.5,210,103501,12478
SU,2011-05-28,F6144,F6145,C1694,1050,NA,2744,LBD,2.5,9.5,240,103864,11577
SU,2011-05-28,F6144,F6145,C1694,1050,NA,2744,LBD,2.5,9.5,240,103865,11577
SU,2011-05-11,F7132,F5482,C1731,938,NA,2769,LBD,1.5,1.5,250,103321,11976
SU,2011-05-11,F7132,F5482,C1731,938,NA,2769,LBD,1.5,1.5,250,103322,11976
SU,2011-05-20,F7255,F7256,C1743,1054,NA,2779,LBD,14.0,7.5,220,103636,12026
SU,2011-05-20,F7255,F7256,C1743,1054,NA,2779,LBD,14.0,7.5,220,103637,12026
SU,2011-05-31,F7255,F7256,C1746,955,Released,2782,LBD,14.0,7.5,0,104019,12026
SU,2011-05-31,F7255,F7256,C1746,955,Released,2782,LBD,14.0,7.5,0,104020,12026
SU,2011-05-11,F7177,F5610,C1748,1050,NA,2784,LBD,2.0,17.0,230,103323,11997
SU,2011-05-11,F7177,F5610,C1748,1050,NA,2784,LBD,2.0,17.0,230,103324,11997
SU,2011-06-23,F8378,F8379,C1803,1034,NA,2801,LBD,15.0,11.0,230,104788,12432
SU,2011-06-23,F8378,F8379,C1803,1034,NA,2801,LBD,15.0,11.0,230,104789,12432
SU,2011-06-23,H1189,H1190,C1820,1125,Maybe U2 juv (offgrid female),2808,LBD,19.0,4.0,160,104794,13132
SU,2011-06-23,H1189,H1190,C1820,1125,Maybe U2 juv (offgrid female),2808,LBD,19.0,4.0,160,104795,13132
SU,2011-06-21,F6142,F6143,C1824,1002,NA,2811,LBD,3.5,4.0,230,104713,11576
SU,2011-06-21,F6142,F6143,C1824,1002,NA,2811,LBD,3.5,4.0,230,104714,11576
SU,2011-06-21,F3409,F3410,C1830,1028,NA,2815,LBD,2.5,18.0,240,104711,10918
SU,2011-06-21,F3409,F3410,C1830,1028,NA,2815,LBD,2.5,18.0,240,104712,10918
SU,2011-06-27,F6144,F6145,C1834,1132,NA,2817,LBD,2.5,9.5,240,104936,11577
SU,2011-06-27,F6144,F6145,C1834,1132,NA,2817,LBD,2.5,9.5,240,104937,11577
SU,2011-06-23,F6051,F6052,C1841,1102,NA,2821,LBD,21.0,5.5,165,104782,11545
SU,2011-06-23,F6051,F6052,C1841,1102,NA,2821,LBD,21.0,5.5,165,104783,11545
SU,2011-06-21,F7255,F7256,C1853,937,NA,2829,LBD,14.0,7.5,227,104715,12026
SU,2011-06-21,F7255,F7256,C1853,937,NA,2829,LBD,14.0,7.5,227,104716,12026
SU,2011-06-23,F6144,F6145,C1881,1013,"P3? Big female, big stomac possibly pregnant",2845,LBD,2.5,9.5,245,104784,11577
SU,2011-06-23,F6144,F6145,C1881,1013,"P3? Big female, big stomac possibly pregnant",2845,LBD,2.5,9.5,245,104785,11577
SU,2011-06-23,F8384,F8385,C1884,1040,NA,2847,LBD,14.5,11.0,222,104790,12435
SU,2011-06-23,F8384,F8385,C1884,1040,NA,2847,LBD,14.5,11.0,222,104791,12435
SU,2011-07-24,F6142,F6143,C1906,905,NA,2856,LBD,3.5,4.0,255,105735,11576
SU,2011-07-24,F6142,F6143,C1906,905,NA,2856,LBD,3.5,4.0,255,105736,11576
SU,2011-06-26,F7053,F7054,C1909,1030,NA,2857,LBD,18.0,4.0,235,104873,11944
SU,2011-06-26,F7053,F7054,C1909,1030,NA,2857,LBD,18.0,4.0,235,104874,11944
SU,2011-06-22,F7057,F7058,C1914,1204,NA,2861,LBD,20.0,6.0,215,104741,11946
SU,2011-06-22,F7057,F7058,C1914,1204,NA,2861,LBD,20.0,6.0,215,104742,11946
SU,2011-06-23,F8488,F8489,C1955,1150,NA,2887,LBD,21.5,7.5,215,104792,12478
SU,2011-06-23,F8488,F8489,C1955,1150,NA,2887,LBD,21.5,7.5,215,104793,12478
SU,2011-06-27,J2465,J2444,C1962,1026,NA,2889,LBD,10.0,6.0,241,104950,13667
SU,2011-06-27,J2465,J2444,C1962,1026,NA,2889,LBD,10.0,6.0,241,104951,13667
SU,2011-06-26,F6503,F6559,C1970,1007,NA,2896,LBD,16.0,3.0,220,104871,11722
SU,2011-06-26,F6503,F6559,C1970,1007,NA,2896,LBD,16.0,3.0,220,104872,11722
SU,2011-06-26,F8486,F8487,C1980,1108,NA,2902,LBD,18.0,11.0,220,104883,12477
SU,2011-06-26,F8486,F8487,C1980,1108,NA,2902,LBD,18.0,11.0,220,104884,12477
SU,2011-06-27,F7071,F7072,C1984,1011,NA,2904,LBD,13.0,2.0,235,104940,11953
SU,2011-06-27,F7071,F7072,C1984,1011,NA,2904,LBD,13.0,2.0,235,104941,11953
SU,2011-06-22,D8428,D6795,C1990,1127,NA,2909,LBD,9.0,6.0,258,104739,10191
SU,2011-06-22,D8428,D6795,C1990,1127,NA,2909,LBD,9.0,6.0,258,104740,10191
SU,2011-06-26,F8589,F8590,C1994,1131,NA,2911,LBD,10.0,9.0,225,104885,12524
SU,2011-06-26,F8589,F8590,C1994,1131,NA,2911,LBD,10.0,9.0,225,104886,12524
SU,2011-07-02,H1187,H1188,C1998,1026,NA,2915,LBD,13.0,2.0,125,104987,13131
SU,2011-07-02,H1187,H1188,C1998,1026,NA,2915,LBD,13.0,2.0,125,104988,13131
SU,2011-08-08,J2750,F2132,C2058,933,NA,2924,LBD,7.0,5.5,255,106682,13691
SU,2011-08-08,J2750,F2132,C2058,933,NA,2924,LBD,7.0,5.5,255,106683,13691
SU,2011-08-09,F6503,F6559,C2081,856,NA,2930,LBD,16.0,3.0,235,106779,11722
SU,2011-08-09,F6503,F6559,C2081,856,NA,2930,LBD,16.0,3.0,235,106780,11722
SU,2011-08-09,F7057,F7058,C2093,938,NA,2932,LBD,20.0,6.0,NA,106783,11946
SU,2011-08-09,F7057,F7058,C2093,938,NA,2932,LBD,20.0,6.0,NA,106784,11946
SU,2011-08-07,F8593,F8594,C2116,948,NA,2940,LBD,7.0,9.5,260,106595,12526
SU,2011-08-07,F8593,F8594,C2116,948,NA,2940,LBD,7.0,9.5,260,106596,12526
SU,2011-08-09,F8378,F8379,C2128,1044,NA,2942,LBD,15.5,11.0,237,106805,12432
SU,2011-08-09,F8378,F8379,C2128,1044,NA,2942,LBD,15.5,11.0,237,106806,12432
SU,2011-08-09,F6003,F6004,C2131,856,NA,2944,LBD,20.0,3.0,255,106777,11531
SU,2011-08-09,F6003,F6004,C2131,856,NA,2944,LBD,20.0,3.0,255,106778,11531
SU,2011-08-09,F7071,F7072,C2141,903,NA,2945,LBD,15.0,2.5,250,106785,11953
SU,2011-08-09,F7071,F7072,C2141,903,NA,2945,LBD,15.0,2.5,250,106786,11953
SU,2011-08-07,F7272,F7273,C2142,938,NA,2946,LBD,7.0,8.0,250,106591,12033
SU,2011-08-07,F7272,F7273,C2142,938,NA,2946,LBD,7.0,8.0,250,106592,12033
SU,2011-08-07,H1086,H1087,C2182,1500,NA,2961,LBD,-3.0,6.0,220,106597,13092
SU,2011-08-07,H1086,H1087,C2182,1500,NA,2961,LBD,-3.0,6.0,220,106598,13092
SU,2011-08-07,F0430,F0431,C2191,1430,NA,2964,LBD,4.0,9.0,287,106575,10358
SU,2011-08-07,F0430,F0431,C2191,1430,NA,2964,LBD,4.0,9.0,287,106576,10358
SU,2011-08-07,F7177,F5610,C2195,1114,NA,2967,LBD,1.0,19.0,230,106583,11997
SU,2011-08-07,F7177,F5610,C2195,1114,NA,2967,LBD,1.0,19.0,230,106584,11997
SU,2011-08-05,H1094,H1095,C2201,1312,NA,2970,LBD,3.5,5.5,265,106529,13096
SU,2011-08-05,H1094,H1095,C2201,1312,NA,2970,LBD,3.5,5.5,265,106530,13096
SU,2011-08-08,F5631,F5632,C2206,1009,NA,2972,LBD,11.5,15.0,255,106660,11435
SU,2011-08-08,F5631,F5632,C2206,1009,NA,2972,LBD,11.5,15.0,255,106661,11435
SU,2011-08-07,F3409,F3410,C2213,1055,NA,2973,LBD,2.5,18.0,240,106579,10918
SU,2011-08-07,F3409,F3410,C2213,1055,NA,2973,LBD,2.5,18.0,240,106580,10918
SU,2011-08-08,H1182,H1183,C2224,1019,NA,2978,LBD,12.5,12.5,210,106678,13128
SU,2011-08-08,H1182,H1183,C2224,1019,NA,2978,LBD,12.5,12.5,210,106679,13128
SU,2011-08-07,F6144,F6145,C2225,1143,NA,2979,LBD,2.5,9.5,252,106581,11577
SU,2011-08-07,F6144,F6145,C2225,1143,NA,2979,LBD,2.5,9.5,252,106582,11577
SU,2011-08-07,F7178,F7181,C2226,958,NA,2980,LBD,5.0,11.5,240,106585,11998
SU,2011-08-07,F7178,F7181,C2226,958,NA,2980,LBD,5.0,11.5,240,106586,11998
SU,2011-08-05,J2748,J2749,C2230,945,NA,2983,LBD,7.0,3.0,250,106535,13690
SU,2011-08-05,J2748,J2749,C2230,945,NA,2983,LBD,7.0,3.0,250,106536,13690
SU,2011-08-03,H1057,H1058,C2233,1016,"Mark-recapture,round 5, 10:00",2985,LBD,10.0,5.0,125,106424,13085
SU,2011-08-03,H1057,H1058,C2233,1016,"Mark-recapture,round 5, 10:00",2985,LBD,10.0,5.0,125,106425,13085
SU,2011-08-04,H1185,H1186,C2235,945,NA,2986,LBD,5.5,4.5,NA,106478,13130
SU,2011-08-04,H1185,H1186,C2235,945,NA,2986,LBD,5.5,4.5,NA,106479,13130
SU,2011-08-08,F6146,F6147,C2243,946,NA,2990,LBD,7.5,14.5,260,106662,11578
SU,2011-08-08,F6146,F6147,C2243,946,NA,2990,LBD,7.5,14.5,260,106663,11578
SU,2011-08-09,H0765,H0766,C2247,1622,NA,2991,LBD,0.5,17.5,227,106815,12973
SU,2011-08-09,H0765,H0766,C2247,1622,NA,2991,LBD,0.5,17.5,227,106816,12973
SU,2011-08-08,F3826,F3827,C2301,915,NA,2994,LBD,11.5,1.0,250,106658,11078
SU,2011-08-08,F3826,F3827,C2301,915,NA,2994,LBD,11.5,1.0,250,106659,11078
SU,2011-08-07,F7185,F7186,C2311,1042,NA,2995,LBD,4.5,17.5,245,106587,12491
SU,2011-08-07,F7185,F7186,C2311,1042,NA,2995,LBD,4.5,17.5,245,106588,12491
SU,2011-07-30,H0767,H0768,C2313,1051,NA,2997,LBD,1.5,1.5,233,105794,12974
SU,2011-07-30,H0767,H0768,C2313,1051,NA,2997,LBD,1.5,1.5,233,105795,12974
SU,2011-08-09,H1187,H1188,C2324,846,NA,3001,LBD,12.5,1.0,190,106823,13131
SU,2011-08-09,H1187,H1188,C2324,846,NA,3001,LBD,12.5,1.0,190,106824,13131
SU,2011-08-09,F8384,F8385,C2340,1053,NA,3005,LBD,14.5,11.0,235,106809,12435
SU,2011-08-09,F8384,F8385,C2340,1053,NA,3005,LBD,14.5,11.0,235,106810,12435
SU,2011-08-09,F7255,F7256,C2344,1104,NA,3008,LBD,14.0,7.5,240,106797,12026
SU,2011-08-09,F7255,F7256,C2344,1104,NA,3008,LBD,14.0,7.5,240,106798,12026
SU,2011-08-09,F7262,F7263,C2348,1645,NA,3010,LBD,2.5,12.5,270,106799,12029
SU,2011-08-09,F7262,F7263,C2348,1645,NA,3010,LBD,2.5,12.5,270,106800,12029
SU,2011-08-08,F7069,F7070,C2354,1111,NA,3013,LBD,11.0,3.5,225,106664,11952
SU,2011-08-08,F7069,F7070,C2354,1111,NA,3013,LBD,11.0,3.5,225,106665,11952
SU,2011-08-08,F8649,F8650,C2365,1e3,NA,3016,LBD,9.0,14.0,240,106674,12550
SU,2011-08-08,F8649,F8650,C2365,1e3,NA,3016,LBD,9.0,14.0,240,106675,12550
SU,2011-07-30,F7132,F5482,C2368,1046,NA,3018,LBD,2.5,1.0,158,105783,11976
SU,2011-07-30,F7132,F5482,C2368,1046,NA,3018,LBD,2.5,1.0,158,105784,11976
SU,2011-08-09,F7145,F7146,C2370,1002,NA,3019,LBD,19.0,8.0,255,106787,12479
SU,2011-08-09,F7145,F7146,C2370,1002,NA,3019,LBD,19.0,8.0,255,106788,12479
SU,2011-08-05,F5628,F5629,C2373,1046,NA,3020,LBD,2.5,8.5,245,106524,11434
SU,2011-08-05,F5628,F5629,C2373,1046,NA,3020,LBD,2.5,8.5,245,106525,11434
SU,2011-07-12,H1178,H1179,C2407,1144,probably siblings with G*/Y,3033,LBD,10.0,1.0,123,105668,13126
SU,2011-07-12,H1178,H1179,C2407,1144,probably siblings with G*/Y,3033,LBD,10.0,1.0,123,105669,13126
SU,2011-06-30,F8024,F8025,C2412,1110,NA,3036,LBD,6.5,16.0,237,104964,12301
SU,2011-06-30,F8024,F8025,C2412,1110,NA,3036,LBD,6.5,16.0,237,104965,12301
SU,2011-08-09,H1099,H1100,C2418,1551,NA,3040,LBD,-3.0,15.5,230,106819,11448
SU,2011-08-09,H1099,H1100,C2418,1551,NA,3040,LBD,-3.0,15.5,230,106820,11448
SU,2011-07-02,D8428,D6795,C2420,1048,NA,3042,LBD,10.0,6.0,261,104981,10191
SU,2011-07-02,D8428,D6795,C2420,1048,NA,3042,LBD,10.0,6.0,261,104982,10191
SU,2011-07-09,H1187,H1188,C2446,926,NA,3051,LBD,13.0,2.0,NA,105556,13131
SU,2011-07-09,H1187,H1188,C2446,926,NA,3051,LBD,13.0,2.0,NA,105557,13131
SU,2011-08-09,H1184,F5634,C2501,1117,NA,3053,LBD,14.0,5.5,265,106821,13129
SU,2011-08-09,H1184,F5634,C2501,1117,NA,3053,LBD,14.0,5.5,265,106822,13129
SU,2011-07-10,F3409,F3410,C2505,945,NA,3055,LBD,3.0,18.0,230,105646,10918
SU,2011-07-10,F3409,F3410,C2505,945,NA,3055,LBD,3.0,18.0,230,105647,10918
SU,2011-07-09,F6142,F6143,C2511,946,NA,3059,LBD,3.5,4.0,200,105546,11576
SU,2011-07-09,F6142,F6143,C2511,946,NA,3059,LBD,3.5,4.0,200,105547,11576
SU,2011-06-30,F7071,F7072,C2527,1026,NA,3067,LBD,13.0,2.0,240,104962,11953
SU,2011-06-30,F7071,F7072,C2527,1026,NA,3067,LBD,13.0,2.0,240,104963,11953
SU,2011-08-03,F2147,F2148,C2533,1215,"Mark-recapture, round 6, 11:30",3071,LBD,16.0,5.0,255,106370,10655
SU,2011-08-03,F2147,F2148,C2533,1215,"Mark-recapture, round 6, 11:30",3071,LBD,16.0,5.0,255,106371,10655
SU,2011-08-03,F2147,F2148,C2533,1215,"Mark-recapture, round 6, 11:30",3071,LBD,16.0,5.0,255,106372,10655
SU,2011-08-03,F2147,F2148,C2533,1215,"Mark-recapture, round 6, 11:30",3071,LBD,16.0,5.0,255,106373,10655
SU,2011-08-07,F3310,F3311,C2539,931,NA,3074,LBD,3.5,6.5,250,106577,10878
SU,2011-08-07,F3310,F3311,C2539,931,NA,3074,LBD,3.5,6.5,250,106578,10878
SU,2011-07-30,F3497,F3498,C2540,1113,NA,3075,LBD,-5.0,5.0,246,105777,10946
SU,2011-07-30,F3497,F3498,C2540,1113,NA,3075,LBD,-5.0,5.0,246,105778,10946
SU,2011-08-05,H1097,H1098,C2543,1004,NA,3077,LBD,8.0,7.0,240,106531,13097
SU,2011-08-05,H1097,H1098,C2543,1004,NA,3077,LBD,8.0,7.0,240,106532,13097
SU,2011-08-08,F7253,F7254,C2547,1035,NA,3079,LBD,10.5,10.5,245,106668,12025
SU,2011-08-08,F7253,F7254,C2547,1035,NA,3079,LBD,10.5,10.5,245,106669,12025
SU,2011-08-08,J2465,J2444,C2553,902,NA,3084,LBD,9.0,2.5,230,106680,13667
SU,2011-08-08,J2465,J2444,C2553,902,NA,3084,LBD,9.0,2.5,230,106681,13667
SU,2011-07-03,H1185,H1186,C2556,1100,NA,3086,LBD,8.5,1.5,115,105014,13130
SU,2011-07-03,H1185,H1186,C2556,1100,NA,3086,LBD,8.5,1.5,115,105015,13130
SU,2011-08-09,F7180,H1096,C2571,955,NA,3090,LBD,20.5,7.5,265,106789,11999
SU,2011-08-09,F7180,H1096,C2571,955,NA,3090,LBD,20.5,7.5,265,106790,11999
SU,2011-08-07,F7257,F7258,C2575,1026,NA,3093,LBD,4.0,15.0,260,106589,12027
SU,2011-08-07,F7257,F7258,C2575,1026,NA,3093,LBD,4.0,15.0,260,106590,12027
SU,2011-08-09,F7053,F7054,C2579,929,NA,3095,LBD,18.0,4.0,240,106781,11944
SU,2011-08-09,F7053,F7054,C2579,929,NA,3095,LBD,18.0,4.0,240,106782,11944
SU,2011-08-09,F7268,F7193,C2595,1632,NA,3103,LBD,3.0,18.0,260,106801,12032
SU,2011-08-09,F7268,F7193,C2595,1632,NA,3103,LBD,3.0,18.0,260,106802,12032
SU,2011-07-30,F6142,F6143,C4444,1036,NA,3104,LBD,3.5,4.0,263,105781,11576
SU,2011-07-30,F6142,F6143,C4444,1036,NA,3104,LBD,3.5,4.0,263,105782,11576
SU,2011-07-24,F2144,F7179,C7593,856,Released,3107,LBD,5.5,1.5,0,105733,10654
SU,2011-07-24,F2144,F7179,C7593,856,Released,3107,LBD,5.5,1.5,0,105734,10654
AG,2009-06-01,F4702,0,A0732,1114,"Released, already handled during the day",692,SKP,4.0,22.5,0,89698,11193
AG,2009-06-01,F4702,0,A0732,1114,"Released, already handled during the day",692,SKP,4.0,22.5,0,89699,11193
AG,2009-07-23,F4943,0,A1410,830,Released without handling,1247,SBS,11.5,0.0,0,91656,11210
AG,2009-07-23,F4943,0,A1410,830,Released without handling,1247,SBS,11.5,0.0,0,91657,11210
SU,2011-03-03,F2144,F2145,B3624,1459,NA,1509,MNK,5.5,1.5,240,100816,10654
SU,2011-03-03,F2144,F2145,B3624,1459,NA,1509,MNK,5.5,1.5,240,100817,10654
SU,2011-04-11,F8451,F8452,B3796,1021,NA,1555,LBD,-1.5,2.5,242,102195,12462
SU,2011-04-11,F8451,F8452,B3796,1021,NA,1555,LBD,-1.5,2.5,242,102196,12462
SU,2011-04-19,F8451,F8452,B3993,1006,NA,1679,LBD,-1.5,2.5,245,102478,12462
SU,2011-04-19,F8451,F8452,B3993,1006,NA,1679,LBD,-1.5,2.5,245,102479,12462
SU,2011-04-07,F8451,F8452,B4352,1101,NA,1764,LBD,-1.5,2.5,237,102117,12462
SU,2011-04-07,F8451,F8452,B4352,1101,NA,1764,LBD,-1.5,2.5,237,102118,12462
SU,2011-03-27,F8451,F8452,C0320,1254,NA,1964,LBD,-1.5,2.0,230,101576,12462
SU,2011-03-27,F8451,F8452,C0320,1254,NA,1964,LBD,-1.5,2.0,230,101577,12462
SU,2011-03-21,F2144,F2145,C0377,1158,NA,1996,LBD,5.5,1.5,240,101360,10654
SU,2011-03-21,F2144,F2145,C0377,1158,NA,1996,LBD,5.5,1.5,240,101361,10654
SU,2011-03-21,F8451,F8452,C0468,1217,NA,2053,LBD,-1.5,2.5,270,101368,12462
SU,2011-03-21,F8451,F8452,C0468,1217,NA,2053,LBD,-1.5,2.5,270,101369,12462
SU,2011-03-15,F8451,F8452,C0484,1402,BIG P2,2061,FES,-1.5,2.5,260,101109,12462
SU,2011-03-15,F8451,F8452,C0484,1402,BIG P2,2061,FES,-1.5,2.5,260,101110,12462
SU,2011-03-15,F2144,F2145,C0521,1502,unsure of P1 status - P2 when last caught 2 weeks ago!,2087,FES,5.5,1.5,235,101097,10654
SU,2011-03-15,F2144,F2145,C0521,1502,unsure of P1 status - P2 when last caught 2 weeks ago!,2087,FES,5.5,1.5,235,101098,10654
SU,2011-05-31,F3636,F3635,C0735,1047,NA,2224,LBD,-2.0,4.0,145,104015,11002
SU,2011-05-31,F3636,F3635,C0735,1047,NA,2224,LBD,-2.0,4.0,145,104016,11002
SU,2011-06-17,F8451,F8452,C0953,948,NA,2365,LBD,-1.5,2.5,230,104635,12462
SU,2011-06-17,F8451,F8452,C0953,948,NA,2365,LBD,-1.5,2.5,230,104636,12462
SU,2011-05-29,F8451,F8452,C1707,1019,NA,2751,LBD,-1.5,2.5,230,103921,12462
SU,2011-05-29,F8451,F8452,C1707,1019,NA,2751,LBD,-1.5,2.5,230,103922,12462
SU,2011-07-30,F8451,F8452,C1977,1102,NA,2900,LBD,-1.5,2.5,235,105790,12462
SU,2011-07-30,F8451,F8452,C1977,1102,NA,2900,LBD,-1.5,2.5,235,105791,12462
SU,2011-04-17,F7128,F7129,B3457,1228,Couldn t find nipples,1426,LBD,11.0,6.5,215,102370,19267
SU,2011-04-17,F7128,F7129,B3457,1228,Couldn t find nipples,1426,LBD,11.0,6.5,215,102371,19267
SU,2011-06-15,F7128,F7129,B3726,947,NA,1530,LBD,11.0,6.5,220,104570,19267
SU,2011-06-15,F7128,F7129,B3726,947,NA,1530,LBD,11.0,6.5,220,104571,19267
SU,2011-05-23,F7128,F7129,B3929,947,NA,1641,LBD,13.0,7.5,222,103715,19267
SU,2011-05-23,F7128,F7129,B3929,947,NA,1641,LBD,13.0,7.5,222,103716,19267
SU,2011-03-02,F5633,F5634,B3991,1346,NA,1677,MNK,14.0,5.5,255,100800,13129
SU,2011-03-02,F5633,F5634,B3991,1346,NA,1677,MNK,14.0,5.5,255,100801,13129
SU,2011-02-23,F3426,F3427,B4397,1249,18 s HT,1766,FES,13.0,4.5,250,100743,12139
SU,2011-02-23,F3426,F3427,B4397,1249,18 s HT,1766,FES,13.0,4.5,250,100744,12139
SU,2011-03-16,F3426,F3427,C0318,1441,NA,1963,FES,12.0,3.0,235,101150,12139
SU,2011-03-16,F3426,F3427,C0318,1441,NA,1963,FES,12.0,3.0,235,101151,12139
SU,2011-03-27,F7128,F7129,C0470,1342,NA,2054,LBD,11.0,6.5,220,101584,19267
SU,2011-03-27,F7128,F7129,C0470,1342,NA,2054,LBD,11.0,6.5,220,101585,19267
SU,2011-03-22,F7191,F7192,C0479,1308,NA,2059,LBD,8.5,12.0,240,101405,12e3
SU,2011-03-22,F7191,F7192,C0479,1308,NA,2059,LBD,8.5,12.0,240,101406,12e3
SU,2011-04-22,F7128,F7129,C0859,1036,Can t find nipple,2307,LBD,10.0,6.0,225,102692,19267
SU,2011-04-22,F7128,F7129,C0859,1036,Can t find nipple,2307,LBD,10.0,6.0,225,102693,19267
SU,2011-05-05,F7128,F7129,C1447,1024,NA,2559,LBD,11.0,6.5,221,103171,19267
SU,2011-05-05,F7128,F7129,C1447,1024,NA,2559,LBD,11.0,6.5,221,103172,19267
SU,2011-08-08,F7128,F7129,C2080,924,NA,2929,LBD,11.0,6.5,245,106684,19267
SU,2011-08-08,F7128,F7129,C2080,924,NA,2929,LBD,11.0,6.5,245,106685,19267
SU,2011-08-08,F3426,F3427,C2158,1044,NA,2953,LBD,13.0,4.5,245,106670,12139
SU,2011-08-08,F3426,F3427,C2158,1044,NA,2953,LBD,13.0,4.5,245,106671,12139
SU,2011-08-05,F8174,F8763,C2188,1032,NA,2963,LBD,2.0,6.0,245,106520,10037
SU,2011-08-05,F8174,F8763,C2188,1032,NA,2963,LBD,2.0,6.0,245,106521,10037
SU,2011-08-08,H0553,H1078,C2242,1027,NA,2989,LBD,12.0,10.5,245,106654,10043
SU,2011-08-08,H0553,H1078,C2242,1027,NA,2989,LBD,12.0,10.5,245,106655,10043
